Name,Rank,Change,Rating,Wins,Losses,Tournaments,Avg Partner Rating,Avg Opp Rating
GABE FINOCCHI,1,--,156.9,111,28,9,144.61,138.91
THOMAS HAMILTON,2,--,156.26,95,22,8,153.05,135.7
RYAN MARINO,3,1,155.58,113,29,10,153.38,134.77
RYDER RIVADENEYRA,4,1,155.54,23,5,2,144.09,131.29
RAHUL MURTHY,5,3,151.82,114,37,11,147.13,134.79
WILL PICONE,6,3,151.44,107,39,11,147.22,135.8
JOE BONDI,7,1,151.33,95,37,9,147.94,136.96
BUDDY HAMMON,8,2,150.56,41,19,5,143.44,139.05
BLAKE BOSAK,9,4,150.48,92,31,9,146.47,133.68
ETIENNE COTE,10,3,150.12,113,40,11,143.79,133.24
RYAN GROSS,11,--,149.88,112,45,11,149.87,135.4
MATTHEW COLE,12,1,149.63,100,41,11,148.21,135.2
CLARK MARSHALL,13,1,149.14,58,27,7,147.23,136.84
GRANT KLAPWIJK,14,2,148.91,78,35,9,149.63,135.69
FREDRIC HINKLE,15,1,148.24,127,51,12,141.86,134.45
JUSTIN BARR,16,1,147.35,79,39,8,143.93,135.81
VINCENT MATHIEU,17,1,146.36,54,35,6,145.16,139.5
NOAH LUSKUS,18,1,145.51,83,36,10,142.63,132.05
WEST PETERSON,19,--,144.76,60,32,8,144.25,134.65
PATRIC CHU,20,1,144.31,25,13,3,149.57,134.23
OWEN LIPPMAN,21,1,144.25,76,36,10,142.29,132.25
MAXIME PRINCE,22,1,142.89,22,11,3,142.89,129.5
SAMUEL PRINCE,22,1,142.89,22,11,3,142.89,129.5
XANDE PLAISTED,24,2,142.03,44,11,4,129.2,121.41
DAN ABRAMS,25,--,141.6,69,53,10,141.44,135.46
TAYLOR CHURCH,26,1,141.52,30,9,3,142.31,125.63
GRANT LAUGHLIN,27,1,141.43,63,41,9,137.25,133.81
COLE MODEL,28,--,140.43,36,24,5,143.19,133.05
CHRISTIAN BENNETT,29,--,139.56,73,53,10,142,133.5
MAX MODEL,30,--,138.62,48,35,7,138.11,133.57
EDDY LEUNG,31,--,138.22,18,6,2,141.15,122.92
JUSTIN SHAYTAR,32,--,138.18,78,43,11,135.46,126.9
POLK DENMARK,33,3,136.98,52,29,6,136.98,128.3
JACOB SUMMERS,33,3,136.98,52,29,6,136.98,128.3
TREVOR BARBOSA,35,3,136.88,46,19,6,132.73,122.18
BRENDAN FERREIRA,36,2,136.6,53,31,7,139.58,129
DAWSON MORGAN,37,4,136.6,82,60,11,138.14,131.6
SAMUEL BUCKMAN,38,4,136.27,54,17,6,134.08,119.27
KIERAN ROSE,39,7,135.46,110,64,16,134.64,125.55
GARRETT HORNOK,40,1,135.44,31,30,4,138.51,134.41
RYAN OSWALT,41,6,135.42,29,18,4,129.02,125.7
CALEB CUMMINGS,42,2,135.3,109,57,14,129.03,124.66
EMERSON DEAN,43,2,135.25,29,31,5,139.86,134.97
COLEMAN EPPERSON,44,1,135.25,22,23,4,141.48,135.07
KYLE ACKERMANN,45,2,134.56,22,26,4,137.97,133.01
ANDREW SULLIVAN,46,2,134.14,48,24,7,132.52,122.59
CHRIS BROWN,47,2,133.9,25,10,3,133.9,119.77
TYLER BABIN,47,2,133.9,25,10,3,133.9,119.77
BRAYDEN LATHAM,49,2,133.77,38,28,6,132.24,128.34
MICHAEL BARKMAN,50,10,132.94,58,34,8,132.94,124.26
JENSON MILLER,50,10,132.94,58,34,8,132.94,124.26
JACK COOLBAUGH,52,31,132.25,55,15,5,126.86,113.76
JOSH WEINBACH,53,1,131.87,34,16,5,131.92,123.56
ÉLIE PILON,54,1,131.12,19,13,3,129.68,124.14
SKYLER SEBRING,55,10,131.11,31,30,5,134.84,130.03
COLTON MOWRY,56,2,131.06,30,33,5,130.95,132.85
TREY THOMPSON,57,3,131.05,35,24,5,127.76,127
LUKE MOWRY,58,3,131.03,58,46,8,130.99,127.1
JOSH FRAGIACOMO,59,3,130.26,66,43,10,125.9,122.28
ZACK DUFFY,60,3,129.8,13,7,2,128.76,122.52
NEAL BERGMAN,61,2,129.78,44,21,6,129.73,117.37
JACK BUSHART,62,28,129.77,28,15,4,122.8,120.45
NICK NOGUEZ,63,4,129.62,51,37,7,129.6,124.77
REID LAMPERT,64,6,129.52,23,14,4,127.47,122.28
CHRIS WILKINS,65,7,129.46,38,17,5,132.34,115.8
ANDREW CHRISTMAS,66,5,129.41,57,36,8,129.73,122.51
BRANDON BROWN,67,5,129.2,47,23,6,129.42,118.09
MALACHI ESPINOLA,68,4,128.76,27,24,5,126.22,128.15
PAQ CLIFFORD,69,2,128.43,18,14,3,127.13,124.15
BRIAN CHILDS,70,1,128.41,25,12,4,125.36,118.73
JASON RHOADS,71,1,128.37,40,15,5,128.12,114.91
CALEB SHORTER,72,3,128.28,43,23,7,129.83,120
SUNNY GU,73,6,127.99,41,24,6,119.84,120.42
OLIVIER LAURIN,74,2,127.94,21,9,3,127.76,117.22
KALEB WAGNER,75,7,127.76,46,35,7,126.3,124.79
CADE LARSON,76,2,127.67,90,57,14,125.44,121.1
KURT LANNETTI,77,9,127.47,38,33,7,123.34,125.57
MATTHEW BURROWS,78,12,127.38,101,81,17,126.81,124.01
TYLER FERNANDEZ,79,6,127.12,113,66,15,128.15,118.59
KEVIN MCCLAIN,80,13,127.12,20,5,2,113.81,109.81
CHASE MEYER,81,4,125.82,73,56,11,126.66,121.28
COREY WEISS,82,2,125.77,48,33,9,121.6,120.44
REID PFUTZENREUTER,83,8,125.72,19,9,3,125.72,113.14
BENNETT ANDERSON,83,8,125.72,19,9,3,125.72,113.14
HENRY PILLIOD,85,21,125.31,49,29,8,120.71,117.86
NICK EVANKO,86,28,125.2,31,24,6,115.75,120.07
JOSH CAIN,87,2,125.05,50,37,7,124.27,120.77
LUKE MARSHALL,88,2,124.91,41,27,7,124.31,119.53
NICK WIDEMAN,89,5,124.9,60,34,8,124.79,118.16
AURIEL WISH,91,4,124.81,23,9,3,117.27,109.14
AUSTIN RAWLINGS,92,4,124.74,14,16,3,127.48,127.56
RENDALL WEAVER,93,17,124.69,34,27,6,124.49,121.17
TREVOR CLEMENTS,94,1,123.88,21,17,3,125.17,121.48
GARRETT CARVER,95,6,123.78,27,23,5,129.37,121.3
SOLOMON BERRY,96,3,123.51,24,16,4,123.86,117.76
ANDREW GUNTER,97,45,123.46,27,23,5,118.59,122.15
MATT ORTLIP,98,2,123.37,23,17,4,116.38,120.01
MATT SPOLARICH,99,6,123.1,48,42,10,123.58,120.92
NICKHIL ANANTHA,100,3,122.96,45,27,6,125.86,113.92
CONNOR NELSON,101,--,122.94,49,33,9,115.69,117.08
DEMITRI FORAND,102,2,122.65,44,27,7,116.17,116.84
JAKE LEBARON,103,1,122.6,17,15,3,117.4,121.85
LUKE PENNINGTON,104,--,122.54,37,33,7,120.83,120.91
JALEN BUTKUS,105,--,122.4,15,16,3,121.47,123.63
OWEN BASS,106,1,122.27,24,21,5,117.32,120.82
DAX O'HAIR,107,5,121.35,43,35,7,122.3,119.03
LUIS OROZCO,108,--,121.31,54,50,9,118.86,120.36
DENNIS WEI,109,9,121.22,21,7,2,122.14,105.06
TYLER CISEK,110,22,121.16,16,12,3,118.37,119.16
COLIN TOLENTINO,111,2,121.13,12,6,2,109.7,114.98
JACOB PAYER,112,1,120.97,58,48,10,122.04,118.35
BRADLEY THOMPSON,113,4,120.84,30,25,5,119.78,119.66
GARRETT ASHTON,114,6,120.73,51,36,8,118.71,116.54
JARED BEAUFAIT,115,15,120.66,28,26,5,120.86,118.32
SEAN BROWN,116,5,120.41,30,32,6,115.66,122.12
PETER LU,117,9,120.34,18,20,4,120.22,119.93
JAVIER VIDAL,118,21,120.27,28,15,4,117.02,111.35
KYAN KORNFELD,119,--,120.26,55,42,9,122.66,116.93
NOAH BEINART,120,2,120.15,21,25,4,123.7,120.54
JOEY MAICHEN,121,5,119.92,31,21,5,116.35,114.09
LUCAS PRUETT,122,21,119.91,52,43,9,116.34,117.66
TOMMY DRAKE,123,13,119.81,30,22,4,121.31,116.06
DEAN WASIL,124,1,119.75,19,14,3,120.06,114.72
KEVIN UM,125,2,119.37,20,18,4,128.5,119.44
JARED BINGHAM,126,13,119.22,32,22,6,121.78,112.66
JERRY LEE,127,1,119.05,18,12,2,119.05,114.33
CHOU PO-JUI,127,1,119.05,18,12,2,119.05,114.33
RYAN BENZ,129,9,119,17,7,2,118.52,106.14
ARTIE SINGER,130,49,118.91,22,12,3,126.52,112.02
CORY CHILTON,131,3,118.84,8,9,2,114.09,120.24
ETHAN MCWHIRTER,132,38,118.48,10,17,3,127.38,125.46
JACKSON BLACKBURN,133,8,118.04,9,11,2,109.73,122.49
BRYANT KARRATTI,134,5,117.99,15,15,3,122.87,119.49
DREW CUMMINS,135,2,117.89,12,15,3,114.13,120.39
JAKE MOTTERSHEAD,136,1,117.84,31,25,6,114.94,113.96
SLADE WARNER,137,14,117.49,11,17,3,114.5,122.76
TREVOR SLAUGHTER,138,8,117.49,8,11,2,113.66,121.52
SAMUEL COREY,139,1,117.36,61,68,13,113.35,119.91
CHARLIE CAMARENA,140,22,117.27,27,21,5,117.12,112.63
JOEY REYNOLDS,141,19,117.26,40,26,6,117.14,108.86
DENNIS JOSEPH,142,9,117.26,35,29,7,120.86,114.82
JOSEPH KAYLOR,143,9,117.2,34,21,5,114.84,109.37
NATHANIEL SCHRAG,144,5,117.15,8,10,2,126.41,118.47
ETHAN ZEHR,145,5,117.01,31,33,6,116.14,117.87
CLIFFORD AMADEO LEVEQUE,146,15,116.88,34,25,5,114.35,114.37
ANDREW KOSCHE,147,--,116.66,33,34,7,119.74,118.21
JOSH ESPOSO,148,--,116.53,41,50,9,118.41,120.98
LUKE NICKEL,149,5,116.39,15,21,4,116.39,121.65
CODY DRYER,149,5,116.39,15,21,4,116.39,121.65
FRANZ CASTILLO,151,8,116.06,8,9,2,120.98,118.37
ERIK FAEUSTLE,152,6,116.02,15,17,3,110.48,117.77
CARLIN VICERA,153,157,116.01,17,12,2,116.23,111.49
JOHN CHOI,154,3,115.91,20,23,4,114.47,118.33
LINDROS BEARD,155,11,115.75,21,18,4,112.8,113.27
ALEX NEWTON,156,--,115.66,19,11,3,106.48,108.48
JACOB ARZAGA,157,11,115.6,34,29,7,109.06,115.01
MAXWELL GUNNESON,158,27,115.24,25,24,5,113.91,115.79
RYAN MCCARGAR,159,6,115.15,12,19,3,117.17,122.14
ADAM PORTER,160,23,115.08,48,45,9,111.45,115.88
COLE MADDOX,161,8,114.98,25,26,6,120.58,115.45
ANDREW RABER,162,2,114.86,23,28,6,112.91,119.22
GAVIN BROEKEMA,163,7,114.6,37,20,5,113.73,104.5
JAKE WOOLLEY,164,9,114.43,20,15,3,111.29,110.46
SAM KILINSKI,165,9,114.37,14,9,2,106.44,107.41
BENJAMIN BUNZE,166,6,114.29,20,29,5,108.38,120.4
TIM LACAGNINA,167,20,114.17,28,30,7,112.49,115.72
RYAN LEONG,168,9,114.08,8,8,2,114.08,114.92
SASHA MARINIUK,168,9,114.08,8,8,2,114.08,114.92
CONNOR PRELICH,170,25,113.98,28,29,6,115.97,116.26
BEN SAVAGE,171,17,113.95,17,20,3,116.26,114.76
THOMAS HOFFMAN,172,28,113.81,48,36,7,115.05,110.06
ANDY TROWER,173,9,113.74,22,14,3,114.6,106.58
JOSH HUTKO,174,27,113.06,44,58,10,110.94,117.82
SAMUEL DAVIS,175,1,113.02,10,11,2,108.41,114.31
GRAYSON M WILLS,176,10,112.95,46,46,9,122.99,113.22
LIAM SHERRON,177,8,112.21,33,38,8,116.05,115.98
JAMES LAMKIN,178,13,112.2,19,22,4,113.41,113.34
KYLE FOWLER,179,5,112.19,41,30,7,109.28,108.24
ROHIL SENAPATI,180,19,112.09,20,8,2,100.49,98.1
JAMES RICHMOND,181,8,111.97,15,15,3,110.34,113.67
CHRISTIAN HILL,182,74,111.96,26,24,4,111.7,111.34
THOMAS ESTELLA,183,12,111.93,14,9,2,113.48,105.3
ZACH SNOVER,184,25,111.8,7,10,2,111.51,117.05
DAN BONOWSKI,185,70,111.79,16,15,3,114.59,114.2
NATE KT,186,4,111.75,14,19,4,116.66,118.12
MICHAEL DU,187,6,111.71,48,54,12,113.76,113.84
JACK STINSON,188,14,111.68,7,11,2,107.91,118.73
JOSHUA HACHEY,189,45,111.59,16,21,4,113.44,115.75
TY FIELDS,190,8,111.51,22,10,3,105.83,98.78
RYAN BAILLARGEON,191,1,111.5,11,6,2,115.26,106.49
SAM BUNZE,192,12,111.29,20,29,5,108.39,118.36
WARNER CURTIS,193,10,111.27,16,25,4,113.17,118.44
JACK W,194,12,111.27,13,16,3,116.62,116.19
ZACHARY TROYER,195,44,111.25,29,15,4,103.47,100.29
ZAK KOVATCH,196,16,111.09,13,6,2,107.19,98.4
MIKE GARRETT,197,22,111.05,26,32,6,114.44,114.03
PATRICIO DURAN,198,15,110.95,21,10,2,109.74,99.19
LUCAS HOPE,199,36,110.92,30,21,4,110.43,106.41
TAYT ROGERS,200,50,110.84,16,17,4,111.03,112.74
WILL ECKARD,201,59,110.84,20,12,3,105.12,104.69
DALTON GILDER,202,16,110.72,11,16,3,107.74,115.94
DESMOND BENTON,203,50,110.59,7,10,2,119.97,116.2
FREDERIK THEUNIS,204,17,110.51,12,13,2,105.91,112.72
AUSTIN HA,205,5,110.41,12,19,3,111.83,119.25
JOEL LAPP,206,39,110.39,15,18,4,108.55,114.88
CHARLES TIPTON,207,8,110.06,11,15,3,108.49,114.87
ETHAN DOMSTER,208,15,110,17,23,5,114.86,115.7
NATE WILSON,209,1,109.95,21,19,3,115.8,110.43
DANIEL SÁNCHEZ,210,37,109.84,20,9,2,111.4,96.94
BRIAN PERLSON,211,14,109.76,32,42,8,107.16,115.19
JOSEF BEKIRANOV,212,2,109.64,6,13,2,112.36,119.64
RYAN FERNANDEZ,213,18,109.64,12,13,2,107,111.15
JAMES MITCHUM,214,30,109.44,18,20,4,115.65,111.62
CALVIN SMITH,215,22,109.38,22,37,7,108.65,116.97
HAROLD MANCIA,216,22,109.35,16,17,3,106.15,112.68
STEPHEN JONES,217,139,109.32,12,10,2,116.02,105.29
NOLAN WYNKOOP,218,4,109.29,11,18,3,106.88,116.71
DYLAN BRICKER,219,8,109.23,30,40,7,110.22,113.67
DANIEL PATTEN,220,--,109.21,13,19,3,109.46,112.8
MAX FIEBELKORN,221,11,109.21,22,28,5,109.51,113.57
QUINN HUFLER,222,6,109.19,9,17,3,109.99,117.86
MITCH KELLEY,223,2,109.16,23,13,3,108.65,97.48
KARAH HUI,224,2,109.15,8,10,2,116.25,110.7
DUSTIN GRANT,225,172,108.9,12,7,2,97.74,100.67
NICK MESA,226,102,108.83,8,13,2,108.83,115.64
DONALD FUNG,226,102,108.83,8,13,2,108.83,115.64
JAKE GOODNOW,228,11,108.78,10,17,3,105.8,115.54
ARCHIE POWELL,229,29,108.76,9,11,2,111.61,113.47
ARROW GRINER,230,5,108.52,14,30,5,107.05,118.19
CHARLES MORDACQ,231,11,108.48,18,24,4,107.13,112.05
JOHN BUCHANAN,232,28,108.41,18,22,4,108.51,111.23
ROB'S TRAVELER,233,49,108.33,16,24,5,112.27,113.03
ELY MARCIANO,234,1,108.22,17,21,4,106.34,111.15
JARED ANG,235,3,108.2,11,16,3,102.62,117.08
RYAN PARK,236,57,108.19,14,13,2,105.76,106.77
DEREK MCREA,237,21,108.14,12,14,2,112.96,108.68
CHRIS KAPTUR,238,1,107.9,14,18,3,109.21,113
REILLY PAQUETTE,239,47,107.82,12,16,3,106.6,115.22
A.J. MARTIN,240,19,107.78,21,47,8,111.23,119.21
ERIC REINKE,241,5,107.76,5,10,2,102.33,119.42
CONNER BRADSHAW,242,3,107.35,7,12,2,107.93,117.72
NICHOLAS PUOPOLO,243,11,107.33,9,22,4,103.97,121.64
RICKY SANTIAGO,244,28,107.29,33,37,6,110.27,108.99
ALEX HART (ASL),245,21,107.14,31,39,6,107.07,109.69
AIDAN MACKEY,246,16,106.9,12,23,4,107.67,119.04
DYLAN MEDVEAL,247,2,106.9,16,32,5,109.98,115.66
GARRETT BLANCHARD,248,5,106.86,14,11,3,104.36,102.74
CHASE BREMNER,249,8,106.69,19,9,2,102.33,96.54
JAKE BABBITT,250,1,106.58,9,21,3,109.9,119.43
ALEX DALY,251,22,106.44,13,23,4,106.58,115.31
MARLON FLEMING,252,154,106.41,7,9,2,121.61,112.87
CLIFTON MILLER,253,5,106.39,17,40,6,110.94,118.52
MITCHELL CARTER,254,2,106.34,18,28,5,106.74,111.91
MITCHELL WHELAN,255,19,106.22,18,14,3,102.34,101.98
MICAH BOUMAN,256,77,105.72,10,14,3,106.93,111.73
JUSTIN KEHOE,257,32,105.66,24,33,6,108.21,110.78
JAKE HURST,258,78,105.66,11,7,2,106.19,99.33
SAM DIANI,259,52,105.49,19,15,3,104.39,102.8
TUCKER JUDKINS,260,20,105.42,17,30,6,112.78,114.01
JOHN SILVA,261,50,105.41,8,9,2,106.1,107.53
CONNOR REID,262,33,105.4,7,20,3,99.54,118.76
STEPHEN SWEENEY,263,--,105.36,9,13,2,103.66,111.96
BENJAMIN BANUELOS,264,3,105.29,15,28,5,112.2,114.59
GARRETT WALTER,265,3,105.22,13,9,2,97.11,103.56
ALEC GALBO,266,--,105.09,15,26,4,104.22,114.15
JACOB NARAYAN,268,13,105.02,46,25,6,108.26,97.01
DAVID YINGLING,269,192,104.91,14,13,2,102.27,102.95
CALEB WHITE,270,17,104.9,14,22,4,102.42,110.78
WYATT SEMKE,271,5,104.54,26,15,3,102.89,94.05
TIM GASKIN,272,4,104.44,5,16,3,108.34,120.81
ETHAN FERLAND,273,2,104.31,13,8,2,91.67,95.34
JARED ALMON,274,2,104.22,23,19,4,100.16,103.03
BRANDON ARLEDGE,275,13,104.15,38,51,9,106.11,108.2
BRANSEN EPPES,276,102,104.1,10,13,2,112.61,105.9
ETHAN GABAY,277,14,104.09,16,8,2,102.93,94.82
CALYN KIR,278,2,104.06,9,18,3,112.25,116.97
ISAAC STAATS,279,5,103.93,12,14,3,107.9,108.21
SCHON SIGUENZA,280,7,103.87,12,31,5,106.37,119.16
ZACH BENDER,281,24,103.75,6,20,3,111.08,119.12
LOGAN COFFELT,282,39,103.74,18,9,3,100.41,96.62
ELIJAH KATZ,283,17,103.62,10,9,2,106.41,100.27
EZRA DANTOWITZ,284,17,103.56,15,29,5,101.37,116.19
MAX HUANG,285,12,103.52,28,45,7,104.04,110.46
JAKE MARTHA,286,7,103.5,13,20,3,106.04,110.88
OWEN LYNCH,287,15,103.49,21,23,4,103.49,105.37
JP CHINCUANCO,287,15,103.49,21,23,4,103.49,105.37
DAVID ROWLANDS,289,6,103.43,14,32,5,104.36,115.22
JACKSON BIGGS,290,49,103.43,13,6,2,100.38,91.05
HENRY PLESZKOCH,291,7,103.38,7,18,3,98.49,117.45
RUBEN ZAPATA,292,28,103.31,25,26,6,101.32,102.28
SAAHIL SHARMA,293,22,103.29,5,11,2,103.23,114.6
DAVIS JUNG,294,7,103.21,4,16,2,112.03,120.18
DAVID GONZALES,295,5,103.02,24,53,9,108.38,115.41
IZAYAH GIBSON,296,23,102.95,12,9,2,102.88,97.01
ALEX STAN,297,28,102.71,7,17,3,109.52,112.49
RISHAB JAIN,298,25,102.63,14,8,2,100.79,93.82
ADIN KLASSEN,299,3,102.43,6,10,2,104.47,108.98
KEVIN CHEN,300,13,102.39,36,32,6,103.04,99.27
ADAM WEISS,301,106,102.36,9,7,2,102.36,97.29
BEN WESTPHAL,301,106,102.36,9,7,2,102.36,97.29
IAN AUSTIN,303,8,102.28,22,36,5,103.96,108.01
JACK BUSH,304,14,102.25,11,13,2,103.18,103.77
PAT MARINICH,305,11,102.09,18,30,5,107.8,109.23
LEVI ROGERS,306,1,102.02,8,14,3,107.4,109.35
BRAD YATES,307,7,101.98,7,15,3,107,111.46
DANNY GOLOGORSKY,308,31,101.94,6,12,2,115.24,111.96
JOSH DIDONATO,309,1,101.92,24,42,7,101.06,110.96
BRANDON STOKES,310,45,101.9,4,11,2,107.53,112.78
JOHN PUTNEY,311,5,101.89,30,25,5,100.03,99.66
GRANT YODER,312,20,101.88,18,13,3,101.64,96.57
LEONARDO TULLO,313,12,101.84,5,13,2,105.69,114.24
TIM DAUDELIN,314,9,101.8,20,10,3,90.67,92.92
SAM MCCUNE,315,11,101.54,16,43,7,106.6,116.29
ETHAN GROOVER,316,21,101.08,7,15,2,104.06,112.93
LUKE HALE,317,40,101.03,16,12,3,101.41,96.83
KADE JANIKULA,318,8,101.02,9,30,5,99.4,118.19
MICHAEL LIN,319,21,100.97,5,11,2,107.3,111.07
IAN LANE,320,90,100.81,18,11,3,99.15,93.71
JOSIAH MCKINNEY,321,7,100.81,6,19,3,100.81,120.08
GABRIEL SKAGGS,321,7,100.81,6,19,3,100.81,120.08
THOMAS MALONEY,323,4,100.75,15,36,6,110.04,114.89
KEVIN CADLE,324,--,100.67,29,48,7,98.01,109.2
CONNOR SHUPE,325,47,100.52,11,7,2,96.31,93.29
KYLE JEUNG,327,3,100.38,4,14,2,102.41,118.93
KENNY VELU,328,35,100.12,22,15,3,97.1,93.45
ADRIAN GARCEA,329,2,99.8,8,27,4,105.59,118.8
BRODY ULRICH,330,49,99.75,13,40,6,102.33,115.85
DAVID MITCHELL,331,3,99.66,3,13,2,117.61,119.49
LUKE REPASS,332,--,99.57,6,16,3,107.55,116.44
JARED DEAN KATZ,333,34,99.5,11,11,2,103.5,98.29
DOM ORLANDO,334,38,99.41,9,13,2,105.72,104.59
SIDNEY MATHUES,335,36,98.88,19,15,3,97.97,95.68
PIERRE-ANDRÉ GAUMOND,336,41,98.88,8,8,2,98.45,94.63
RILEY SAVASTANO,337,30,98.81,27,37,6,97.44,103.1
MAXWELL RISEMAN,338,29,98.8,15,17,3,95.28,100.72
ELLE LOWE,339,4,98.74,4,11,2,104.12,110.36
JUSTIN WANG,340,1,98.74,34,31,5,99.84,97.96
BRANDON TICE,341,9,98.74,15,18,3,99.81,100.3
MICHAEL CAPOBIANCO,342,30,98.6,24,70,10,98.41,114.24
TYLER KEENER,343,59,98.49,7,26,4,101.53,116.58
DREW RYDER,344,--,98.47,24,31,5,105.11,102.5
BRYCEN PATTERSON,345,10,98.42,5,22,3,101.02,117.88
JACK HART,346,2,98.15,23,32,5,102.16,102.79
JASON SMALL,347,5,97.92,11,15,3,96.8,101.5
JACOB MARTINEZ,348,3,97.82,8,24,4,107.41,114.44
NATHAN GARCIA,349,10,97.34,24,37,6,98.38,102.93
NOAH JOHNSON,350,8,97.33,24,38,7,97.91,104.93
ANDREW FELTY,351,7,97.23,21,25,4,93.24,99.81
PATRICK FFRENCH,352,11,97.23,16,12,3,94.18,91.47
RILEY NASSOUR,353,31,96.8,9,7,2,94.71,94.08
EVAN BOCK,354,1,96.63,10,15,3,98.14,104.06
NATHAN GOH,355,23,96.62,5,25,4,104.88,113.92
MACIAH ALDRICH,356,2,96.39,15,9,2,96.57,89.35
JACK WALKER,357,10,96.31,12,12,3,94.79,93.42
NATHAN MONTGOMERY,359,13,96.3,24,26,5,100.6,97.44
DYLAN MARK,360,7,96.15,3,14,2,96.14,113.85
JAREN HAGGARD,361,7,95.88,9,7,2,98.3,88.17
CHAZ KLEIN,362,23,95.86,13,11,2,98,97.48
NOLAN MAROLF,363,2,95.83,3,15,2,107.96,119.3
MICHAEL NELSON,364,100,95.74,3,15,2,101.81,114.12
NIC ALBORNOZ,365,5,95.7,24,31,5,95.29,98.9
IASON HAYES,366,5,95.7,24,35,6,97.57,103.21
JOEY BATTLE,367,50,95.59,8,7,2,91.47,91.89
THOMAS TROYER,368,4,95.51,18,14,3,102.07,90.2
MATT MORELLI,369,74,95.45,2,15,2,101.22,117.74
CARTER HODGSON,370,8,95.17,1,14,2,95.17,127.1
DAVID SEO,370,8,95.17,1,14,2,95.17,127.1
JACOB GANSLE,372,3,95.15,18,38,5,98.89,106.37
BRANDON FUNG,373,65,95.14,8,8,2,93.27,93.79
ETHAN WESTFALL,374,40,95.06,22,16,4,91.86,90.37
RYAN PAUL,375,37,94.99,17,47,7,97.78,109.72
NATHAN WITMER,376,27,94.84,15,14,3,94.83,92.08
ANDREW LUQUE,377,172,94.13,6,7,2,99.32,94.9
RILEY LEBLANC,378,5,94.11,4,14,2,94.11,110.24
ALEX LEBLANC,378,5,94.11,4,14,2,94.11,110.24
380,1,93.95,7,19,3,82.06,108.33
FELIPE MARTINEZ,381,1,93.92,20,41,6,94.33,106.25
SPENCER ARGENNA,382,68,93.81,2,14,2,103.43,116.94
MATTHEW GREATHOUSE,383,23,93.77,22,16,4,89.89,89.12
IAN TIMAN,384,3,93.37,6,19,3,101.62,110.35
PHILIP CREMER,385,34,93.3,14,9,2,93.53,87.52
RYAN LECHNER,386,4,93.23,6,8,2,94.04,98.37
TIFF DING,387,47,93.1,6,8,2,105.43,94.26
LIAM KEEGAN,388,12,92.72,18,14,3,91.19,89.45
ARJUN DHANKANI,389,71,92.54,3,14,2,101.93,112.64
JP MITCHELL,390,13,92.34,16,17,3,92.9,92.34
JAMES LEDBETTER,391,8,92.31,19,64,8,94.98,110.13
PAUL BELTON,392,5,92,9,24,3,92,106.35
WALTER SILLER,392,5,92,9,24,3,92,106.35
JON LEFROIS,394,1,91.94,6,8,2,94.07,96.96
MIKE HAMILTON,395,46,91.84,20,20,4,91.13,90.97
CAMDEN SANDBERG,396,12,91.73,7,22,3,95.62,109.54
BRANDON TIMONERE,397,81,91.55,7,10,2,92.61,96.03
HENRY RAMAN,398,17,91.51,3,16,2,90.9,114.53
DREW WEAVER,399,30,91.47,12,12,3,91.8,89.97
MARTY MERIGOLD,400,14,91.26,21,21,4,96.59,90.8
JOSEPH MOTTO,401,9,91.15,8,11,2,91.15,95.87
SEAN CAUFIELD,401,9,91.15,8,11,2,91.15,95.87
HENRY SWITZ,403,14,91.1,8,8,2,91.01,89.82
COLIN HOBART,404,14,90.71,14,28,4,90.35,101.44
ANT TERRIGNO,405,1,90.5,17,20,4,87.97,93.06
ALEKS ESSEN,406,12,90.24,9,19,3,98.06,106.97
HARRISON YEN,407,137,90.16,5,7,2,88.69,92.57
IAN MACDONALD,408,8,90.01,11,15,3,90.01,92.79
DREW KEELY,408,8,90.01,11,15,3,90.01,92.79
DIEGO RAMIREZ,410,3,89.95,7,9,2,89.95,94.18
ROBERT PORTER,410,3,89.95,7,9,2,89.95,94.18
TYLER BROWN,412,16,89.57,13,18,4,84.81,93.17
GRANT MARSHALL,413,44,89.34,2,15,2,91.89,114.2
JOSIAH FRIEND,414,48,89.26,3,16,2,86.69,108.92
AIDAN BUCHANAN,416,18,88.68,8,15,3,97.71,98.85
NATHAN ROBERTT,417,12,88.06,7,10,2,82.22,93.83
DREW MARTIN,418,12,87.99,5,10,2,84.59,96.2
JASON INUMERABLE,419,28,87.8,17,25,4,92.45,93.25
DECLAN BROWN,420,11,87.76,6,9,2,99.21,93.07
CHARLIE CAVALLARO,421,10,87.61,9,9,2,87.61,85.85
NOAH ELCONIN,421,10,87.61,9,9,2,87.61,85.85
JONATHAN BURER,423,1,87.32,5,21,3,104.68,102.23
BRENT SUMMERS,424,5,87.18,10,12,2,87.18,91.3
ISAIAH HILLMAN,424,5,87.18,10,12,2,87.18,91.3
NOAH VASINGTON,426,10,87.01,2,23,3,93.62,118.24
MICHAEL BAGDASARIAN,427,17,86.76,6,12,2,87.14,97.34
JUDAH FRIEND,428,26,86.69,3,23,3,92.48,107.43
NOAH SADDIK,429,12,86.47,1,14,2,93.28,118.96
XANDER BUNN,430,17,86.45,11,10,2,78.93,86.92
ANDREW YAGER,431,4,86.04,7,16,2,80.59,100.81
EVAN COX,432,--,86.01,5,12,2,86.01,100.22
LEO COX,432,--,86.01,5,12,2,86.01,100.22
LUKE POPADIUK,434,8,85.86,8,13,2,91.22,90.95
BRADLEY SMITH,435,36,85.8,6,12,2,86.12,94.34
TAB DAYANI,436,18,85.76,11,14,2,91.26,88.33
THOMAS PENCE,437,14,85.55,1,15,2,95.37,116.25
BROOKS WEEKS,438,13,85.48,10,14,3,88.76,88.67
ROBERT GRIFFITH,439,30,85.44,9,12,3,86.08,90.5
HERNESTOR RAMIREZ DIAZ,440,31,85.02,8,11,2,88.46,86.9
COLLIN WICKRAMARATNA,441,6,84.98,7,11,2,84.98,90.95
NATE KUNZ,441,6,84.98,7,11,2,84.98,90.95
WILLIAM FOOTE,443,13,84.86,3,15,2,83.85,107.83
COLE KUHLERS,444,18,84.12,5,13,2,97.63,95.52
RAFI MOLDOVSKY,445,11,83.85,4,38,5,90.03,113.98
SHO M,446,4,83.76,13,17,3,90.27,87.96
NICOLAS YABAR,447,19,83.76,2,29,4,92.15,120.2
SETH CUTLER,448,17,83.7,5,12,2,82.98,93.94
DYLAN NOKER,449,179,83.25,5,8,2,81.17,89.04
NATE GAUTHIER,450,13,82.22,7,16,3,82.94,93.46
JERRY HAO,451,6,81.94,8,10,2,82.49,84.46
LUKE LITTLE,452,28,81.58,8,12,2,81.52,88.27
CALEB SCHILLING,453,4,81.49,8,15,3,83.7,89.71
JON MOE,454,2,81.06,1,13,2,81.11,111.2
JASON DAVIS,455,26,80.36,4,10,2,74.81,91.8
TAARON RUDZITIS,456,4,80.15,3,12,2,77.69,101.62
SAM DUNLEVY,457,36,80,13,22,2,78.46,88.47
BRADLEY CLARK,458,102,79.77,5,17,3,94.26,100.84
MICHAEL YUNG,459,17,79.61,3,10,2,79.61,95.23
EVAN LIAO,459,17,79.61,3,10,2,79.61,95.23
VINCE VO,461,14,79.05,7,10,2,79.05,83.83
DAVID NARA,461,14,79.05,7,10,2,79.05,83.83
SAMANTHA GREATHOUSE,463,12,78.42,10,13,2,83.87,81.59
JOEL MORRELL,464,35,78.19,2,34,4,95.37,111.78
JASON WOO,465,7,78.01,4,12,2,78.01,90.42
MATTHEW TIONGKO,465,7,78.01,4,12,2,78.01,90.42
JOSHUA MOLLINEDA,467,4,77.82,3,10,2,84.9,96.48
RUBIN CHANG,468,30,77.77,6,10,2,84.71,84.45
NAT GILLESPIE,469,15,77.71,5,14,2,79.28,91.44
MICAH WIPF,470,15,77.3,5,9,2,73.3,86.5
JOHNNIE TENG,471,18,77.11,8,21,3,84.47,91.45
BRADEN EATON,472,26,76.79,5,9,2,83.22,84.62
AMAN KHEMKA,473,9,76.02,4,10,2,76.97,90.62
ZACHARY AMENDOLA,474,15,75.09,5,12,2,74.26,88.2
LIAM WERNER,475,--,74.35,3,12,2,72.21,94.2
JACOB POGAN,476,13,74.31,2,10,2,74.7,91.71
SEAN SANTOS,477,3,72.61,3,11,2,72.03,89.13
DARYAN HOOVER,478,20,72.47,6,15,3,75.81,84.55
KORBIN THOMPSON,479,39,71.58,2,9,2,74.51,92.5
SAMANTHA BARKLOW,480,13,70.99,8,12,2,84.56,77.32
JASPER CHAPMAN,481,11,69.12,6,10,2,69.17,76.39
KYLE KEENAN,482,--,68.43,4,17,3,73.03,88.77
BENJAMIN GARDINER,483,15,68.18,4,11,2,78.4,82.17
JON MAANO,484,18,67.09,1,12,2,68.91,98.11
NOAH YOST,485,7,64.93,3,11,2,57.91,82.83
YIBIN HAN,486,3,58.81,1,11,2,58.81,83.7
DANIIL TUDER,486,3,58.81,1,11,2,58.81,83.7
LUKE NEMEC,488,8,58.74,1,17,2,60.39,92.5
AJ YOON,489,11,46.71,0,13,2,57.57,84.14
